{"content": "rush_field_cuts_1080p","codec": "avc","width": 1920,"height": 1080,"fps": 29.97,"shots": [{"index": 0,"duration": 10.611,"assessment": {"crf": [0,0,0,0,0,0,0,0,0,0,10,11,12,13,14,15,16,17,18,19,20,21,22,23,24,25,26,27,28,29,30,31,32,33,34,35,36,37,38,39,40,0,0,0,0,0,0,0,0,0,0,0],"rate": [0,0,0,0,0,0,0,0,0,0,90797817,82818452,75218243,67886676,60753605,53723289,46732951,39881519,33518324,27913452,23198379,19307915,16096677,13459089,11290206,9566630,8189150,7079267,6162132,5383286,4719841,4149641,3650804,3214942,2832038,2492556,2192906,1928854,1692541,1479770,1292149,0,0,0,0,0,0,0,0,0,0,0],"dist": [0.0,0.0,0.0,0.0,0.0,0.0,0.0,0.0,0.0,0.0,99.990443,99.990174,99.989843,99.989597,99.983216,99.7597,99.287159,98.609098,97.818585,96.994644,96.086235,95.063952,93.982826,92.805284,91.518566,90.026488,88.375741,86.486777,84.371796,82.030798,79.443565,76.588455,73.459036,70.156776,66.583716,62.863546,58.964165,54.936966,50.848958,46.661286,42.45,0.0,0.0,0.0,0.0,0.0,0.0,0.0,0.0,0.0,0.0,0.0]},"opt_points": [{"metric": "dist","target": 75,"crf": 33}]},{"index": 1,"duration": 2.003,"assessment": {"crf": [0,0,0,0,0,0,0,0,0,0,10,11,12,13,14,15,16,17,18,19,20,21,22,23,24,25,26,27,28,29,30,31,32,33,34,35,36,37,38,39,40,0,0,0,0,0,0,0,0,0,0,0],"rate": [0,0,0,0,0,0,0,0,0,0,87434707,78700756,70481042,62728331,55357703,48422054,42002592,36166833,30984059,26486725,22577701,19241182,16491426,14261367,12482164,11010272,9759512,8674827,7716145,6876441,6126761,5469523,4875462,4342162,3871552,3457218,3089106,2756956,2451862,2194448,1959700,0,0,0,0,0,0,0,0,0,0,0],"dist": [0.0,0.0,0.0,0.0,0.0,0.0,0.0,0.0,0.0,0.0,99.946468,99.944957,99.942292,99.939246,99.936021,99.931288,99.927202,99.920665,99.9143,99.903044,99.891134,99.87523,99.83027,99.739988,99.590973,99.28535,98.657569,97.4239,95.537086,93.257782,90.422726,87.337157,84.022498,80.441541,76.643954,72.709947,68.541503,64.272243,59.747562,55.393076,51.059834,0.0,0.0,0.0,0.0,0.0,0.0,0.0,0.0,0.0,0.0,0.0]},"opt_points": [{"metric": "dist","target": 75,"crf": 32}]},{"index": 2,"duration": 3.404,"assessment": {"crf": [0,0,0,0,0,0,0,0,0,0,10,11,12,13,14,15,16,17,18,19,20,21,22,23,24,25,26,27,28,29,30,31,32,33,34,35,36,37,38,39,40,0,0,0,0,0,0,0,0,0,0,0],"rate": [0,0,0,0,0,0,0,0,0,0,82498042,74555433,66790693,59172700,51832115,44677576,37828481,31250338,24978296,19516472,15384401,12583804,10660091,9225976,8061083,7090495,6278568,5567015,4950608,4422336,3952455,3539318,3178608,2855095,2570589,2318331,2091118,1886361,1702298,1539311,1390096,0,0,0,0,0,0,0,0,0,0,0],"dist": [0.0,0.0,0.0,0.0,0.0,0.0,0.0,0.0,0.0,0.0,99.967656,99.96644,99.965011,99.963027,99.960982,99.958202,99.954037,99.941839,99.860861,99.492798,98.891347,98.09677,97.04069,95.752811,94.281777,92.63967,90.783058,88.755077,86.436415,84.020844,81.344291,78.413228,75.287412,72.017615,68.452542,64.74458,60.9673,57.025549,53.041731,49.097322,45.082843,0.0,0.0,0.0,0.0,0.0,0.0,0.0,0.0,0.0,0.0,0.0]},"opt_points": [{"metric": "dist","target": 75,"crf": 31}]},{"index": 3,"duration": 3.004,"assessment": {"crf": [0,0,0,0,0,0,0,0,0,0,10,11,12,13,14,15,16,17,18,19,20,21,22,23,24,25,26,27,28,29,30,31,32,33,34,35,36,37,38,39,40,0,0,0,0,0,0,0,0,0,0,0],"rate": [0,0,0,0,0,0,0,0,0,0,77920167,70688109,63359270,56092061,48882202,41598135,34339613,27070889,19965685,14468284,11249901,9430756,8174548,7164537,6340436,5643395,5034242,4510615,4052479,3651129,3290814,2978926,2692274,2437102,2209161,2009233,1821523,1658380,1499448,1362181,1238279,0,0,0,0,0,0,0,0,0,0,0],"dist": [0.0,0.0,0.0,0.0,0.0,0.0,0.0,0.0,0.0,0.0,99.962526,99.961228,99.959385,99.957664,99.954652,99.950867,99.946301,99.930164,99.84353,99.664494,99.274444,98.611692,97.71755,96.518327,95.118543,93.588694,91.769704,89.773034,87.654081,85.177432,82.463885,79.710584,76.683438,73.42833,70.044254,66.55386,63.030504,59.520096,55.6328,51.909576,48.21191,0.0,0.0,0.0,0.0,0.0,0.0,0.0,0.0,0.0,0.0,0.0]},"opt_points": [{"metric": "dist","target": 75,"crf": 30}]}]}