{"content": "rush_field_cuts_SDp","codec": "avc","width": 480,"height": 270,"fps": 29.97,"shots": [{"index": 0,"duration": 10.611,"slope_rh": 0.0,"slope_lh": 0.0,"range": [0,0],"current_point": 0,"new_point": 0,"assessment": {"crf": [0.0,0.0,0.0,0.0,0.0,0.0,0.0,0.0,0.0,0.0,10,11,12,13,14,15,16,17,18,19,20,21,22,23,24,25,26,27,28,29,30,31,32,33,34,35,36,37,38,39,40,0.0,0.0,0.0,0.0,0.0,0.0,0.0,0.0,0.0,0.0,0.0],"bitrate": [0.0,0.0,0.0,0.0,0.0,0.0,0.0,0.0,0.0,0.0,4246505,3757720,3333328,2959957,2633193,2338234,2082519,1848833,1648577,1461744,1302857,1159723,1031557,919272,818247,729488,649978,578247,516487,459419,410380,365965,324482,290346,258378,230154,205611,183459,163089,145677,128924,0.0,0.0,0.0,0.0,0.0,0.0,0.0,0.0,0.0,0.0,0.0],"vmaf": [0.0,0.0,0.0,0.0,0.0,0.0,0.0,0.0,0.0,0.0,99.965041,99.962705,99.962085,99.959917,99.959065,99.954277,99.939988,99.895932,99.779653,99.521863,99.027216,98.385429,97.486551,96.219583,94.810454,93.269671,91.412661,89.344999,87.1439,84.616461,81.864194,78.855269,75.580998,72.044948,68.531343,64.507931,60.506424,56.502817,52.414125,47.988549,43.86169,0.0,0.0,0.0,0.0,0.0,0.0,0.0,0.0,0.0,0.0,0.0],"psnr": [0.0,0.0,0.0,0.0,0.0,0.0,0.0,0.0,0.0,0.0,46.248672125,45.564503125,44.89207325,44.221885,43.5741265,42.928449375,42.28724425,41.653384249999995,41.033807,40.407635375000005,39.796775875,39.183938874999996,38.58839737500001,37.984108,37.401164125,36.8348235,36.267030125000005,35.6888535,35.166478125000005,34.621236624999995,34.092407625,33.577437624999995,33.084030375000005,32.59355,32.113184000000004,31.634276875,31.159518374999998,30.731269125,30.254805875,29.832699,29.367968375,0.0,0.0,0.0,0.0,0.0,0.0,0.0,0.0,0.0,0.0,0.0]},"opt_points": [{"metric": "vmaf","target": 90,"crf": 26},{"metric": "vmaf","target": 65,"crf": 36}]},{"index": 1,"duration": 2.003,"slope_rh": 0.0,"slope_lh": 0.0,"range": [0,0],"current_point": 0,"new_point": 0,"assessment": {"crf": [0.0,0.0,0.0,0.0,0.0,0.0,0.0,0.0,0.0,0.0,10,11,12,13,14,15,16,17,18,19,20,21,22,23,24,25,26,27,28,29,30,31,32,33,34,35,36,37,38,39,40,0.0,0.0,0.0,0.0,0.0,0.0,0.0,0.0,0.0,0.0,0.0],"bitrate": [0.0,0.0,0.0,0.0,0.0,0.0,0.0,0.0,0.0,0.0,4246505,3757720,3333328,2959957,2633193,2338234,2082519,1848833,1648577,1461744,1302857,1159723,1031557,919272,818247,729488,649978,578247,516487,459419,410380,365965,324482,290346,258378,230154,205611,183459,163089,145677,128924,0.0,0.0,0.0,0.0,0.0,0.0,0.0,0.0,0.0,0.0,0.0],"vmaf": [0.0,0.0,0.0,0.0,0.0,0.0,0.0,0.0,0.0,0.0,99.965041,99.962705,99.962085,99.959917,99.959065,99.954277,99.939988,99.895932,99.779653,99.521863,99.027216,98.385429,97.486551,96.219583,94.810454,93.269671,91.412661,89.344999,87.1439,84.616461,81.864194,78.855269,75.580998,72.044948,68.531343,64.507931,60.506424,56.502817,52.414125,47.988549,43.86169,0.0,0.0,0.0,0.0,0.0,0.0,0.0,0.0,0.0,0.0,0.0],"psnr": [0.0,0.0,0.0,0.0,0.0,0.0,0.0,0.0,0.0,0.0,46.248672125,45.564503125,44.89207325,44.221885,43.5741265,42.928449375,42.28724425,41.653384249999995,41.033807,40.407635375000005,39.796775875,39.183938874999996,38.58839737500001,37.984108,37.401164125,36.8348235,36.267030125000005,35.6888535,35.166478125000005,34.621236624999995,34.092407625,33.577437624999995,33.084030375000005,32.59355,32.113184000000004,31.634276875,31.159518374999998,30.731269125,30.254805875,29.832699,29.367968375,0.0,0.0,0.0,0.0,0.0,0.0,0.0,0.0,0.0,0.0,0.0]},"opt_points": [{"metric": "vmaf","target": 90,"crf": 26},{"metric": "vmaf","target": 65,"crf": 36}]},{"index": 2,"duration": 3.404,"slope_rh": 0.0,"slope_lh": 0.0,"range": [0,0],"current_point": 0,"new_point": 0,"assessment": {"crf": [0.0,0.0,0.0,0.0,0.0,0.0,0.0,0.0,0.0,0.0,10,11,12,13,14,15,16,17,18,19,20,21,22,23,24,25,26,27,28,29,30,31,32,33,34,35,36,37,38,39,40,0.0,0.0,0.0,0.0,0.0,0.0,0.0,0.0,0.0,0.0,0.0],"bitrate": [0.0,0.0,0.0,0.0,0.0,0.0,0.0,0.0,0.0,0.0,4246505,3757720,3333328,2959957,2633193,2338234,2082519,1848833,1648577,1461744,1302857,1159723,1031557,919272,818247,729488,649978,578247,516487,459419,410380,365965,324482,290346,258378,230154,205611,183459,163089,145677,128924,0.0,0.0,0.0,0.0,0.0,0.0,0.0,0.0,0.0,0.0,0.0],"vmaf": [0.0,0.0,0.0,0.0,0.0,0.0,0.0,0.0,0.0,0.0,99.965041,99.962705,99.962085,99.959917,99.959065,99.954277,99.939988,99.895932,99.779653,99.521863,99.027216,98.385429,97.486551,96.219583,94.810454,93.269671,91.412661,89.344999,87.1439,84.616461,81.864194,78.855269,75.580998,72.044948,68.531343,64.507931,60.506424,56.502817,52.414125,47.988549,43.86169,0.0,0.0,0.0,0.0,0.0,0.0,0.0,0.0,0.0,0.0,0.0],"psnr": [0.0,0.0,0.0,0.0,0.0,0.0,0.0,0.0,0.0,0.0,46.248672125,45.564503125,44.89207325,44.221885,43.5741265,42.928449375,42.28724425,41.653384249999995,41.033807,40.407635375000005,39.796775875,39.183938874999996,38.58839737500001,37.984108,37.401164125,36.8348235,36.267030125000005,35.6888535,35.166478125000005,34.621236624999995,34.092407625,33.577437624999995,33.084030375000005,32.59355,32.113184000000004,31.634276875,31.159518374999998,30.731269125,30.254805875,29.832699,29.367968375,0.0,0.0,0.0,0.0,0.0,0.0,0.0,0.0,0.0,0.0,0.0]},"opt_points": [{"metric": "vmaf","target": 90,"crf": 26},{"metric": "vmaf","target": 65,"crf": 36}]},{"index": 3,"duration": 3.004,"slope_rh": 0.0,"slope_lh": 0.0,"range": [0,0],"current_point": 0,"new_point": 0,"assessment": {"crf": [0.0,0.0,0.0,0.0,0.0,0.0,0.0,0.0,0.0,0.0,10,11,12,13,14,15,16,17,18,19,20,21,22,23,24,25,26,27,28,29,30,31,32,33,34,35,36,37,38,39,40,0.0,0.0,0.0,0.0,0.0,0.0,0.0,0.0,0.0,0.0,0.0],"bitrate": [0.0,0.0,0.0,0.0,0.0,0.0,0.0,0.0,0.0,0.0,4246505,3757720,3333328,2959957,2633193,2338234,2082519,1848833,1648577,1461744,1302857,1159723,1031557,919272,818247,729488,649978,578247,516487,459419,410380,365965,324482,290346,258378,230154,205611,183459,163089,145677,128924,0.0,0.0,0.0,0.0,0.0,0.0,0.0,0.0,0.0,0.0,0.0],"vmaf": [0.0,0.0,0.0,0.0,0.0,0.0,0.0,0.0,0.0,0.0,99.965041,99.962705,99.962085,99.959917,99.959065,99.954277,99.939988,99.895932,99.779653,99.521863,99.027216,98.385429,97.486551,96.219583,94.810454,93.269671,91.412661,89.344999,87.1439,84.616461,81.864194,78.855269,75.580998,72.044948,68.531343,64.507931,60.506424,56.502817,52.414125,47.988549,43.86169,0.0,0.0,0.0,0.0,0.0,0.0,0.0,0.0,0.0,0.0,0.0],"psnr": [0.0,0.0,0.0,0.0,0.0,0.0,0.0,0.0,0.0,0.0,46.248672125,45.564503125,44.89207325,44.221885,43.5741265,42.928449375,42.28724425,41.653384249999995,41.033807,40.407635375000005,39.796775875,39.183938874999996,38.58839737500001,37.984108,37.401164125,36.8348235,36.267030125000005,35.6888535,35.166478125000005,34.621236624999995,34.092407625,33.577437624999995,33.084030375000005,32.59355,32.113184000000004,31.634276875,31.159518374999998,30.731269125,30.254805875,29.832699,29.367968375,0.0,0.0,0.0,0.0,0.0,0.0,0.0,0.0,0.0,0.0,0.0]},"opt_points": [{"metric": "vmaf","target": 90,"crf": 26},{"metric": "vmaf","target": 65,"crf": 36}]}]}