{"content": "rush_field_cuts_SDp","codec": "avc","width": 480,"height": 270,"fps": 29.97,"shots": [{"index": 0,"duration": 10.611,"assessment": {"crf": [0,0,0,0,0,0,0,0,0,0,10,11,12,13,14,15,16,17,18,19,20,21,22,23,24,25,26,27,28,29,30,31,32,33,34,35,36,37,38,39,40,0,0,0,0,0,0,0,0,0,0,0],"rate": [0,0,0,0,0,0,0,0,0,0,7894634,7030807,6248747,5554671,4941312,4404816,3928557,3500826,3112564,2763369,2442978,2154525,1891857,1655356,1443106,1254477,1085638,935833,801799,684622,581509,492681,414777,347610,290466,242212,202083,166973,138604,115438,95344,0,0,0,0,0,0,0,0,0,0,0],"dist": [0.0,0.0,0.0,0.0,0.0,0.0,0.0,0.0,0.0,0.0,99.625505,99.45126,99.222835,98.955556,98.630572,98.252821,97.816814,97.334311,96.724404,96.048383,95.240846,94.344019,93.236428,92.050171,90.616993,88.985674,87.071674,84.816501,82.444409,79.70459,76.616495,73.101066,69.42523,65.237103,60.838325,56.019107,51.187768,46.051167,40.568855,35.904448,31.051732,0.0,0.0,0.0,0.0,0.0,0.0,0.0,0.0,0.0,0.0,0.0]},"opt_points": [{"metric": "dist","target": 75,"crf": 32}]},{"index": 1,"duration": 2.003,"assessment": {"crf": [0,0,0,0,0,0,0,0,0,0,10,11,12,13,14,15,16,17,18,19,20,21,22,23,24,25,26,27,28,29,30,31,32,33,34,35,36,37,38,39,40,0,0,0,0,0,0,0,0,0,0,0],"rate": [0,0,0,0,0,0,0,0,0,0,9452621,8606254,7812361,7075143,6382242,5738452,5148337,4598154,4096383,3642759,3220780,2838494,2495928,2188668,1919568,1680954,1468153,1280938,1117715,973156,849190,738751,640619,558218,480850,416163,360035,310010,267354,228956,197328,0,0,0,0,0,0,0,0,0,0,0],"dist": [0.0,0.0,0.0,0.0,0.0,0.0,0.0,0.0,0.0,0.0,99.947417,99.946218,99.943714,99.939836,99.937647,99.932757,99.920693,99.898129,99.882196,99.824639,99.713064,99.585219,99.440346,99.236,98.900512,98.282299,96.994531,95.132537,92.543064,89.732716,86.716345,83.433942,79.703344,75.78538,71.711082,67.100226,62.320881,57.687111,52.809847,48.040443,43.03463,0.0,0.0,0.0,0.0,0.0,0.0,0.0,0.0,0.0,0.0,0.0]},"opt_points": [{"metric": "dist","target": 75,"crf": 33}]},{"index": 2,"duration": 3.404,"assessment": {"crf": [0,0,0,0,0,0,0,0,0,0,10,11,12,13,14,15,16,17,18,19,20,21,22,23,24,25,26,27,28,29,30,31,32,33,34,35,36,37,38,39,40,0,0,0,0,0,0,0,0,0,0,0],"rate": [0,0,0,0,0,0,0,0,0,0,5554681,4963774,4429647,3950531,3515739,3126336,2774209,2462911,2178453,1927384,1700587,1503259,1329128,1172329,1037273,916086,811727,716319,633882,561287,497198,439649,388947,345212,306079,271121,240199,211595,188477,166455,147226,0,0,0,0,0,0,0,0,0,0,0],"dist": [0.0,0.0,0.0,0.0,0.0,0.0,0.0,0.0,0.0,0.0,99.969066,99.966905,99.964795,99.959428,99.950631,99.916504,99.815238,99.592925,99.309525,98.836537,98.178977,97.273612,96.185189,94.997078,93.645202,92.019708,90.314922,88.277713,86.247534,83.721455,81.017813,78.043433,74.8657,71.325387,67.802058,64.155059,60.090173,55.842975,51.602704,47.265709,42.811957,0.0,0.0,0.0,0.0,0.0,0.0,0.0,0.0,0.0,0.0,0.0]},"opt_points": [{"metric": "dist","target": 75,"crf": 29}]},{"index": 3,"duration": 3.004,"assessment": {"crf": [0,0,0,0,0,0,0,0,0,0,10,11,12,13,14,15,16,17,18,19,20,21,22,23,24,25,26,27,28,29,30,31,32,33,34,35,36,37,38,39,40,0,0,0,0,0,0,0,0,0,0,0],"rate": [0,0,0,0,0,0,0,0,0,0,4246505,3757720,3333328,2959957,2633193,2338234,2082519,1848833,1648577,1461744,1302857,1159723,1031557,919272,818247,729488,649978,578247,516487,459419,410380,365965,324482,290346,258378,230154,205611,183459,163089,145677,128924,0,0,0,0,0,0,0,0,0,0,0],"dist": [0.0,0.0,0.0,0.0,0.0,0.0,0.0,0.0,0.0,0.0,99.965041,99.962705,99.962085,99.959917,99.959065,99.954277,99.939988,99.895932,99.779653,99.521863,99.027216,98.385429,97.486551,96.219583,94.810454,93.269671,91.412661,89.344999,87.1439,84.616461,81.864194,78.855269,75.580998,72.044948,68.531343,64.507931,60.506424,56.502817,52.414125,47.988549,43.86169,0.0,0.0,0.0,0.0,0.0,0.0,0.0,0.0,0.0,0.0,0.0]},"opt_points": [{"metric": "dist","target": 75,"crf": 29}]}]}